{
    "timestamp": "2025-02-10T16:03:22.661754",
    "video_info": {
        "duration_seconds": 50.0,
        "frame_width": 1920,
        "frame_height": 1080,
        "fps": 2.0
    },
    "material_composition": {
        "metal": {
            "count": 2,
            "total_weight": 1.3796469642857145,
            "mean_area": 15329.410714285714,
            "mean_duration": 6.5,
            "confidence": [
                1.0,
                0.8952606284658041
            ],
            "mean_confidence": 0.9476303142329021
        },
        "cardboard": {
            "count": 52,
            "total_weight": 3.8901109285714295,
            "mean_area": 12468.304258241757,
            "mean_duration": 0.34615384615384615,
            "confidence": [
                1.0,
                1.0,
                1.0,
                1.0,
                1.0,
                1.0,
                1.0,
                1.0,
                1.0,
                1.0,
                1.0,
                1.0,
                1.0,
                1.0,
                1.0,
                1.0,
                1.0,
                1.0,
                0.7418043285314397,
                1.0,
                0.8216098610839366,
                1.0,
                1.0,
                1.0,
                1.0,
                1.0,
                1.0,
                1.0,
                1.0,
                1.0,
                1.0,
                0.7500271878582736,
                1.0,
                1.0,
                1.0,
                0.9454341736694678,
                1.0,
                0.8889679715302492,
                1.0,
                1.0,
                1.0,
                1.0,
                1.0,
                1.0,
                1.0,
                1.0,
                1.0,
                0.6589407114624506,
                1.0,
                1.0,
                1.0,
                1.0
            ],
            "mean_confidence": 0.9770535429641504
        },
        "soft_plastic": {
            "count": 30,
            "total_weight": 1.0637333333333332,
            "mean_area": 8864.444444444445,
            "mean_duration": 0.13333333333333333,
            "confidence": [
                1.0,
                1.0,
                1.0,
                1.0,
                1.0,
                1.0,
                1.0,
                1.0,
                1.0,
                1.0,
                1.0,
                1.0,
                0.8011052882324916,
                1.0,
                1.0,
                1.0,
                1.0,
                0.6082488187364603,
                1.0,
                1.0,
                1.0,
                1.0,
                1.0,
                1.0,
                1.0,
                1.0,
                1.0,
                1.0,
                0.9153333333333333,
                1.0
            ],
            "mean_confidence": 0.9774895813434095
        },
        "rigid_plastic": {
            "count": 5,
            "total_weight": 0.11969600000000001,
            "mean_area": 1496.2,
            "mean_duration": 0.0,
            "confidence": [
                1.0,
                1.0,
                1.0,
                1.0,
                1.0
            ],
            "mean_confidence": 1.0
        }
    },
    "total_stats": {
        "total_objects": 89,
        "total_weight_kg": 6.453187226190478,
        "throughput_kg_per_hour": 464.6294802857144,
        "active_tracks": 2,
        "completed_tracks": 87
    }
}